Country Name,Year,Coffee Consumed,MEASURE,gdp_per_hour_worked ($), gdp_for_year ($) ,gdp_per_capita ($),population,Unemployed (%),Coffee Consumed in KG,Coffee Consumed per Capita in Kg
Austria,1999,1123,USD,43.673565,"217,185,787,343",28722,7561609,3.700000048,67380000,8.910801921
Austria,2000,875,USD,44.712574,"196,799,778,883",25922,7592073,3.5,52500000,6.915107376
Austria,2001,1013,USD,45.283182,"197,337,879,195",25848,7634560,3.599999905,60780000,7.961166066
Austria,2002,926,USD,46.141633,"213,377,771,504",27772,7683162,4,55560000,7.231397698
Austria,2003,720,USD,46.505529,"261,695,778,781",33889,7722033,4.300000191,43200000,5.594381687
Austria,2004,996,USD,47.413997,"300,904,221,505",38711,7773105,4.900000095,59760000,7.688047441
Austria,2005,772,USD,48.55656,"315,974,418,605",40367,7827461,5.199999809,46320000,5.917627696
Austria,2006,612,USD,49.847493,"335,998,557,270",42698,7869269,4.699999809,36720000,4.66625299
Austria,2007,847,USD,51.098384,"388,691,445,387",49218,7897272,4.400000095,50820000,6.43513355
Austria,2008,908,USD,51.100684,"430,294,287,388",54294,7925258,3.799999952,54480000,6.874224158
Austria,2009,886,USD,50.742191,"400,172,297,861",50356,7946894,4.800000191,53160000,6.689405949
Austria,2010,903,USD,51.509782,"391,892,746,545",49181,7968421,4.400000095,54180000,6.799339543
Austria,2011,1117,USD,52.020889,"431,120,310,089",53923,7995146,4.099999905,67020000,8.382586134
Austria,2012,1269,USD,52.586463,"409,425,234,155",50979,8031276,4.300000191,76140000,9.480436235
Austria,2013,1249,USD,52.924741,"430,068,712,972",53229,8079615,4.900000095,74940000,9.275194424
Belgium,1999,834,USD,56.315921,"260,202,429,150",26969,9648277,8.600000381,50040000,5.186418259
Belgium,2000,1133,USD,56.766941,"237,904,919,845",24592,9674025,6.599999905,67980000,7.027064743
Belgium,2001,884,USD,56.684256,"237,841,968,680",24494,9710055,6.199999809,53040000,5.462378946
Belgium,2002,1484,USD,58.009839,"258,860,436,665",26526,9758570,7.5,89040000,9.124287677
Belgium,2003,1579,USD,58.689505,"319,002,821,670",32538,9804122,8.199999809,94740000,9.663282444
Belgium,2004,1396,USD,60.41615,"370,885,026,074",37661,9848022,8.399999619,83760000,8.50526126
Belgium,2005,1158,USD,61.096958,"387,365,750,529",39124,9901014,8.399999619,69480000,7.01746306
Belgium,2006,1537,USD,61.665394,"409,813,197,842",41135,9962702,8.199999809,92220000,9.256524987
Belgium,2007,1103,USD,62.581144,"471,821,105,940",47040,10030266,7.5,66180000,6.598030401
Belgium,2008,650,USD,62.215758,"518,625,897,173",51345,10100850,7,39000000,3.861061198
Belgium,2009,934,USD,61.775449,"484,552,792,442",47630,10173366,7.900000095,56040000,5.508501316
Belgium,2010,871,USD,63.158921,"483,548,031,197",47355,10211171,8.300000191,52260000,5.117924281
Belgium,2011,934,USD,62.865467,"527,008,453,887",50893,10355126,7.099999905,56040000,5.411812469
Belgium,2012,915,USD,62.729225,"497,884,216,569",47678,10442637,7.5,54900000,5.25729277
Belgium,2013,1245,USD,63.138168,"520,925,468,953",49489,10526149,8.399999619,74700000,7.096612446
Bulgaria,1999,363,USD,12.163121,"13,495,075,366",1715,7866600,14.10000038,21780000,2.768667531
Bulgaria,2000,275,USD,13.286117,"13,153,016,531",1680,7829095,16.20000076,16500000,2.107523283
Bulgaria,2001,350,USD,13.794338,"14,075,616,789",1854,7591926,19.89999962,21000000,2.766096508
Bulgaria,2002,341,USD,14.585218,"16,276,456,428",2157,7544410,18.10000038,20460000,2.711941689
Bulgaria,2003,397,USD,14.994396,"20,982,685,981",2800,7493166,13.69999981,23820000,3.178896611
Bulgaria,2004,364,USD,15.339317,"25,957,970,922",3485,7447563,12,21840000,2.932502887
Bulgaria,2005,430,USD,16.04875,"29,636,617,750",4003,7404051,10.10000038,25800000,3.484578915
Bulgaria,2006,420,USD,16.643094,"34,130,122,491",4638,7358508,8.899999619,25200000,3.424607271
Bulgaria,2007,364,USD,17.311195,"44,411,476,557",6073,7312474,6.900000095,21840000,2.986677286
Bulgaria,2008,445,USD,17.516979,"54,409,138,498",7487,7267511,5.599999905,26700000,3.673885048
Bulgaria,2009,409,USD,17.677094,"51,884,481,410",7186,7219817,6.800000191,24540000,3.398978118
Bulgaria,2010,395,USD,18.650103,"50,610,058,210",7066,7162740,10.19999981,23700000,3.308789653
Bulgaria,2011,360,USD,19.449848,"57,418,414,504",8137,7056527,11.30000019,21600000,3.060995869
Bulgaria,2012,376,USD,19.944601,"53,903,022,339",7745,6959652,12.30000019,22560000,3.241541387
Bulgaria,2013,419,USD,20.123374,"55,758,754,072",8057,6920644,12.89999962,25140000,3.632609913
Croatia,1999,337,USD,21.247108,"23,386,945,597",5459,4283800,13.5,20220000,4.720108315
Croatia,2000,327,USD,22.090858,"21,774,273,832",5288,4118000,16.10000038,19620000,4.764448762
Croatia,2001,337,USD,22.986828,"23,289,671,102",5571,4180633,20.5,20220000,4.836588143
Croatia,2002,355,USD,23.982592,"26,878,499,206",6373,4217300,15.10000038,21300000,5.050624807
Croatia,2003,375,USD,24.693176,"34,658,113,497",8202,4225600,13.89999962,22500000,5.324687618
Croatia,2004,370,USD,25.421174,"41,574,530,816",9829,4229600,13.69999981,22200000,5.248723284
Croatia,2005,374,USD,26.198192,"45,416,358,502",10722,4235875,12.60000038,22440000,5.297606752
Croatia,2006,386,USD,26.602935,"50,453,577,898",11914,4234946,11.10000038,23160000,5.468782837
Croatia,2007,386,USD,27.121607,"60,093,222,709",14204,4230855,9.600000381,23160000,5.474070844
Croatia,2008,377,USD,27.073736,"70,481,451,449",16680,4225583,8.399999619,22620000,5.353107488
Croatia,2009,366,USD,25.332617,"62,703,143,057",14872,4216050,9.100000381,21960000,5.20866688
Croatia,2010,370,USD,25.748749,"59,829,574,391",14232,4203963,11.80000019,22200000,5.280731538
Croatia,2011,367,USD,26.726309,"62,375,044,443",14890,4189029,13.39999962,22020000,5.256588102
Croatia,2012,360,USD,27.328158,"56,565,475,275",13952,4054296,15.80000019,21600000,5.327682044
Croatia,2013,387,USD,28.132095,"58,085,856,019",14362,4044457,17.29999924,23220000,5.741190968
Czech Republic,1999,558,USD,21.945953,"64,867,483,193",6606,9819215,8.699999809,33480000,3.409641198
Czech Republic,2000,560,USD,23.047705,"61,649,492,817",6278,9819742,8.800000191,33600000,3.421678492
Czech Republic,2001,633,USD,24.791781,"67,523,642,262",6863,9838083,8.100000381,37980000,3.86050819
Czech Republic,2002,642,USD,25.068535,"81,910,771,994",8399,9752463,7.300000191,38520000,3.949771458
Czech Republic,2003,623,USD,26.329514,"99,627,140,274",10220,9748550,7.800000191,37380000,3.8344164
Czech Republic,2004,605,USD,27.508792,"119,162,172,468",12226,9746647,8.300000191,36300000,3.72435772
Czech Republic,2005,656,USD,28.749099,"136,280,689,891",13961,9761733,7.900000095,39360000,4.032070945
Czech Republic,2006,631,USD,30.611181,"155,463,807,113",15896,9780319,7.099999905,37860000,3.87103938
Czech Republic,2007,679,USD,31.927792,"189,227,050,760",19273,9818295,5.300000191,40740000,4.149396611
Czech Republic,2008,621,USD,31.992493,"235,718,586,901",23811,9899594,4.400000095,37260000,3.763790717
Czech Republic,2009,525,USD,31.204005,"206,179,982,164",20748,9937407,6.699999809,31500000,3.169840986
Czech Republic,2010,470,USD,31.875428,"207,477,857,919",20862,9945273,7.300000191,28200000,2.835517939
Czech Republic,2011,572,USD,32.420578,"227,948,349,666",23010,9906318,6.699999809,34320000,3.464455714
Czech Republic,2012,685,USD,32.558687,"207,376,427,021",20898,9923127,7,41100000,4.141839563
Czech Republic,2013,637,USD,32.537544,"209,402,444,996",21073,9936780,7,38220000,3.846316412
Denmark,1999,869,USD,53.515843,"177,965,224,621",35763,4976200,5.099999905,52140000,10.47787468
Denmark,2000,791,USD,54.755458,"164,158,800,460",32841,4998610,4.5,47460000,9.49463951
Denmark,2001,868,USD,54.562148,"164,791,416,350",32837,5018451,4.199999809,52080000,10.3777042
Denmark,2002,805,USD,55.010743,"178,635,160,297",35435,5041222,4.599999905,48300000,9.581010319
Denmark,2003,724,USD,55.918628,"218,095,997,085",43129,5056783,5.400000095,43440000,8.590441789
Denmark,2004,849,USD,57.704234,"251,373,036,671",49552,5072927,5.5,50940000,10.04154012
Denmark,2005,795,USD,58.49414,"264,467,308,109",51960,5089852,4.800000191,47700000,9.371588801
Denmark,2006,822,USD,59.265028,"282,884,912,894",55354,5110460,3.900000095,49320000,9.650794645
Denmark,2007,794,USD,59.374331,"319,423,370,134",62229,5133001,3.799999952,47640000,9.281120343
Denmark,2008,688,USD,58.490408,"353,361,056,080",68447,5162525,3.400000095,41280000,7.996087186
Denmark,2009,676,USD,57.951294,"321,241,396,034",61863,5192790,6,40560000,7.810830016
Denmark,2010,806,USD,60.219252,"321,995,350,347",61711,5217785,7.5,48360000,9.268300629
Denmark,2011,762,USD,60.427764,"344,003,209,696",65598,5244150,7.599999905,45720000,8.71828609
Denmark,2012,800,USD,61.582686,"327,148,899,962",62071,5270539,7.5,48000000,9.107227932
Denmark,2013,822,USD,62.066938,"343,584,385,594",64831,5299698,7,49320000,9.306190655
Estonia,2000,97,USD,18.001059,"5,685,774,809",4262,1334175,13.10000038,5820000,4.362246332
Estonia,2001,107,USD,19.104243,"6,245,069,734",4711,1325610,12.39999962,6420000,4.843053387
Estonia,2002,111,USD,20.246003,"7,322,069,511",5561,1316690,9.399999619,6660000,5.05813821
Estonia,2003,114,USD,21.230852,"9,833,870,709",7523,1307160,10.69999981,6840000,5.232718259
Estonia,2004,129,USD,22.565073,"12,059,201,242",9293,1297650,10,7740000,5.964628367
Estonia,2005,145,USD,23.868766,"14,006,088,297",10870,1288495,7.900000095,8700000,6.752063454
Estonia,2006,167,USD,25.187682,"16,963,625,016",13264,1278915,5.900000095,10020000,7.834766189
Estonia,2007,101,USD,27.122624,"22,237,061,730",17504,1270415,4.699999809,6060000,4.770094812
Estonia,2008,154,USD,26.105886,"24,194,039,256",19141,1264005,5.5,9240000,7.310097666
Estonia,2009,123,USD,26.626047,"19,652,492,637",15609,1259010,13.80000019,7380000,5.861748517
Estonia,2010,105,USD,27.993035,"19,490,936,349",15540,1254225,16.89999962,6300000,5.023022185
Estonia,2011,67,USD,27.617647,"23,170,239,901",18545,1249427,12.5,4020000,3.21747489
Estonia,2012,104,USD,28.844822,"23,043,864,510",18411,1251631,10.10000038,6240000,4.985494926
Estonia,2013,120,USD,29.350174,"25,137,153,149",20221,1243096,8.600000381,7200000,5.791990321
Finland,1999,979,USD,42.085584,"135,225,868,315",27800,4864255,10.10000038,58740000,12.07584717
Finland,2000,967,USD,43.888532,"125,539,893,127",25716,4881820,9.699999809,58020000,11.88491177
Finland,2001,947,USD,44.879966,"129,250,111,857",26383,4898983,9.100000381,56820000,11.59832561
Finland,2002,970,USD,45.376506,"139,552,983,249",28390,4915614,9,58200000,11.83982306
Finland,2003,966,USD,46.446892,"171,071,106,095",34701,4929856,9,57960000,11.7569357
Finland,2004,1034,USD,47.940482,"196,768,065,557",39793,4944765,8.800000191,62040000,12.54660232
Finland,2005,1102,USD,48.8095,"204,436,015,421",41202,4961784,8.399999619,66120000,13.32585215
Finland,2006,1047,USD,50.001701,"216,552,502,823",43487,4979740,7.599999905,62820000,12.61511645
Finland,2007,1057,USD,51.539925,"255,384,615,385",51089,4998853,6.800000191,63420000,12.68691038
Finland,2008,1115,USD,50.991433,"283,742,493,042",56521,5020096,6.300000191,66900000,13.32643838
Finland,2009,1058,USD,48.617414,"251,499,027,508",49878,5042316,8.199999809,63480000,12.58945294
Finland,2010,1080,USD,50.203968,"247,799,815,768",48939,5063494,8.399999619,64800000,12.79748727
Finland,2011,1093,USD,51.008229,"273,674,236,773",53809,5085985,7.699999809,65580000,12.89425745
Finland,2012,1082,USD,50.211116,"256,706,466,091",50232,5110450,7.599999905,64920000,12.70338229
Finland,2013,1095,USD,50.513223,"269,980,111,643",52572,5135433,8.199999809,65700000,12.79346844
France,1999,5578,USD,50.38549,"1,492,647,560,196",27118,55043393,12,334680000,6.080293778
France,2000,5402,USD,51.720026,"1,362,248,940,483",24648,55267624,10.19999981,324120000,5.864554626
France,2001,5253,USD,52.687712,"1,376,465,324,385",24796,55511272,8.600000381,315180000,5.67776577
France,2002,5526,USD,54.225901,"1,494,286,655,374",26714,55935517,8.699999809,331560000,5.927539742
France,2003,5394,USD,54.535399,"1,840,480,812,641",32656,56360402,8.600000381,323640000,5.742329517
France,2004,4929,USD,55.138086,"2,115,742,488,205",37240,56813922,9.199999809,295740000,5.205414264
France,2005,4787,USD,55.627485,"2,196,126,103,718",38420,57160687,8.899999619,287220000,5.024782155
France,2006,5278,USD,57.012415,"2,318,593,651,988",40097,57824447,8.800000191,316680000,5.476576369
France,2007,5628,USD,56.745215,"2,657,213,249,384",45682,58167011,8,337680000,5.805352453
France,2008,5152,USD,56.383176,"2,918,382,891,460",49901,58482967,7.400000095,309120000,5.285641544
France,2009,5677,USD,55.806487,"2,690,222,283,968",45775,58770727,9.100000381,340620000,5.795742496
France,2010,5713,USD,56.528894,"2,642,609,548,930",44747,59056283,9.300000191,342780000,5.804293508
France,2011,5962,USD,57.094919,"2,861,408,170,265",48217,59344643,9.199999809,357720000,6.027839783
France,2012,5790,USD,57.281462,"2,683,825,225,093",45002,59638457,9.899999619,347400000,5.825100405
France,2013,5707,USD,58.057201,"2,811,077,725,704",46922,59910069,10.39999962,342420000,5.715566777
Germany,1999,9748,USD,49.347876,"2,199,957,383,337",28154,78141200,8.399999619,584880000,7.484911929
Germany,2000,8770,USD,50.595685,"1,949,953,934,034",24922,78242066,7.699999809,526200000,6.725282535
Germany,2001,9059,USD,51.9546,"1,950,648,769,575",24874,78421514,7.800000191,543540000,6.931006203
Germany,2002,8498,USD,52.592294,"2,079,136,081,310",26441,78633771,8.600000381,509880000,6.484236906
Germany,2003,9499,USD,53.01835,"2,505,733,634,312",31816,78756461,9.300000191,569940000,7.236739599
Germany,2004,10445,USD,53.546609,"2,819,245,095,605",35772,78811814,10.30000019,626700000,7.951853513
Germany,2005,8665,USD,54.358373,"2,861,410,272,354",36289,78851254,11.10000038,519900000,6.593427164
Germany,2006,9151,USD,55.404386,"3,002,446,368,084",38088,78828994,10.30000019,549060000,6.965203691
Germany,2007,8627,USD,56.244684,"3,439,953,462,907",43667,78776585,8.600000381,517620000,6.570734185
Germany,2008,9535,USD,56.350137,"3,752,365,607,148",47702,78662789,7.5,572100000,7.272816121
Germany,2009,8897,USD,54.90544,"3,418,005,001,389",43570,78448602,7.699999809,533820000,6.804710172
Germany,2010,9292,USD,56.2635,"3,417,094,562,649",43614,78349067,7.099999905,557520000,7.11584734
Germany,2011,9460,USD,57.420342,"3,757,698,281,118",47947,78371140,5.900000095,567600000,7.242461957
Germany,2012,8830,USD,57.776677,"3,543,983,909,148",45142,78508115,5.400000095,529800000,6.74834697
Germany,2013,9378,USD,58.227677,"3,752,513,503,278",48563,77270988,5.300000191,562680000,7.281905079
Greece,1999,641,USD,27.99853,"142,540,728,958",13756,10362363,11.69999981,38460000,3.711508659
Greece,2000,687,USD,28.962547,"130,133,845,771",12509,10403059,11.10000038,41220000,3.96229609
Greece,2001,548,USD,30.143616,"136,191,353,468",13043,10441529,10.19999981,32880000,3.148964103
Greece,2002,827,USD,30.693538,"153,830,947,017",14676,10482045,10.30000019,49620000,4.733809099
Greece,2003,929,USD,32.055259,"201,924,270,316",19202,10515665,9.699999809,55740000,5.300663344
Greece,2004,871,USD,33.025573,"240,521,260,988",22804,10547290,10.5,52260000,4.954827259
Greece,2005,870,USD,32.090309,"247,783,001,865",23414,10582816,9.800000191,52200000,4.932524576
Greece,2006,857,USD,33.469707,"273,317,737,047",25739,10618891,8.899999619,51420000,4.842313571
Greece,2007,1015,USD,34.337832,"318,497,936,901",29896,10653591,8.300000191,60900000,5.716382392
Greece,2008,978,USD,33.866689,"354,460,802,549",33168,10686723,7.699999809,58680000,5.490925516
Greece,2009,974,USD,32.986083,"330,000,252,153",30785,10719618,9.5,58440000,5.451686805
Greece,2010,994,USD,32.973967,"299,361,576,558",27886,10735384,12.5,59640000,5.555460336
Greece,2011,1023,USD,31.889517,"287,797,822,093",26825,10728724,17.70000076,61380000,5.721090411
Greece,2012,1076,USD,31.281886,"245,670,666,639",23309,10539802,24.20000076,64560000,6.12535226
Greece,2013,1101,USD,31.023849,"239,862,011,450",22994,10431289,27.20000076,66060000,6.332870271
Hungary,1999,657,USD,19.780098,"49,170,434,391",5147,9553064,7,39420000,4.126424778
Hungary,2000,633,USD,20.485175,"47,310,623,887",4966,9527034,6.400000095,37980000,3.986550274
Hungary,2001,647,USD,21.728068,"53,821,315,066",5546,9704598,5.699999809,38820000,4.000165695
Hungary,2002,637,USD,22.594775,"67,716,887,203",6995,9680164,5.800000191,38220000,3.948280215
Hungary,2003,646,USD,23.785864,"85,324,771,841",8840,9652533,5.900000095,38760000,4.015526287
Hungary,2004,708,USD,25.116622,"104,066,609,518",10806,9630044,6.099999905,42480000,4.411194798
Hungary,2005,570,USD,26.285414,"113,035,361,317",11764,9608943,7.199999809,34200000,3.559184397
Hungary,2006,598,USD,27.22727,"115,295,199,392",12021,9591110,7.5,35880000,3.740964289
Hungary,2007,522,USD,27.371637,"139,850,794,387",14609,9572938,7.400000095,31320000,3.27172285
Hungary,2008,494,USD,28.113721,"157,998,423,132",16540,9552784,7.800000191,29640000,3.10276041
Hungary,2009,445,USD,27.185394,"130,593,960,612",13697,9534237,10,26700000,2.800433847
Hungary,2010,376,USD,30.561408,"130,922,638,689",13761,9514005,11.19999981,22560000,2.371241133
Hungary,2011,180,USD,31.19169,"140,782,064,609",14827,9495011,10.89999962,10800000,1.137439441
Hungary,2012,252,USD,30.982062,"127,856,647,108",13525,9453181,10.89999962,15120000,1.599461599
Hungary,2013,177,USD,31.383911,"135,215,704,419",14333,9433840,10.19999981,10620000,1.12573459
Ireland,1999,135,USD,42.134462,"98,691,849,563",28344,3481871,5.800000191,8100000,2.326335467
Ireland,2000,83,USD,44.391426,"99,853,528,653",28340,3523376,4.300000191,4980000,1.413417132
Ireland,2001,146,USD,45.767768,"109,133,512,304",30536,3573974,3.700000048,8760000,2.451053085
Ireland,2002,136,USD,48.386332,"127,945,379,258",35154,3639573,4.199999809,8160000,2.242021248
Ireland,2003,151,USD,49.440492,"164,285,112,867",44473,3694079,4.5,9060000,2.452573429
Ireland,2004,225,USD,51.326532,"193,870,350,137",51662,3752679,4.5,13500000,3.597429996
Ireland,2005,223,USD,51.643478,"211,650,764,830",55213,3833357,4.300000191,13380000,3.490413233
Ireland,2006,203,USD,52.208954,"232,085,535,065",58941,3937578,4.400000095,12180000,3.093272057
Ireland,2007,244,USD,53.019653,"269,917,519,847",67032,4026707,4.599999905,14640000,3.635725172
Ireland,2008,115,USD,51.84027,"275,020,023,436",67173,4094192,6,6900000,1.685314221
Ireland,2009,134,USD,54.59846,"236,311,336,482",57390,4117667,12,8040000,1.952561973
Ireland,2010,160,USD,62.152328,"221,951,354,762",52042,4264857,13.89999962,9600000,2.250954721
Ireland,2011,179,USD,64.912749,"239,018,536,582",56655,4218849,14.60000038,10740000,2.545718038
Ireland,2012,214,USD,65.020816,"225,571,853,194",53443,4220806,14.69999981,12840000,3.042073007
Ireland,2013,196,USD,64.047366,"239,389,340,720",56628,4227378,13.10000038,11760000,2.781866206
Italy,1999,4919,USD,45.976106,"1,248,563,179,203",23002,54280527,11.69999981,295140000,5.437309037
Italy,2000,5149,USD,47.263972,"1,141,759,996,315",21027,54298946,10.80000019,308940000,5.689613202
Italy,2001,5243,USD,47.510219,"1,162,317,852,349",21392,54333844,9.600000381,314580000,5.789761534
Italy,2002,5182,USD,47.12823,"1,266,510,634,293",23227,54526842,9.199999809,310920000,5.702145743
Italy,2003,5507,USD,46.793013,"1,569,649,661,400",28572,54937570,8.899999619,330420000,6.014463326
Italy,2004,5469,USD,47.258912,"1,798,314,750,435",32704,54988156,7.900000095,328140000,5.967466885
Italy,2005,5552,USD,47.527582,"1,852,661,982,341",33536,55244690,7.699999809,333120000,6.029900792
Italy,2006,5593,USD,47.531141,"1,942,633,797,516",34578,56180672,6.800000191,335580000,5.973228658
Italy,2007,5821,USD,47.492539,"2,203,053,380,783",38935,56583578,6.099999905,349260000,6.172462265
Italy,2008,5892,USD,47.181597,"2,390,729,163,615",41935,57009825,6.699999809,353520000,6.2010364
Italy,2009,5806,USD,46.15439,"2,185,160,183,384",38101,57351830,7.800000191,348360000,6.074086912
Italy,2010,5781,USD,47.192771,"2,125,058,244,243",36869,57637843,8.399999619,346860000,6.017921247
Italy,2011,5689,USD,47.424974,"2,276,292,404,601",40210,56610149,8.399999619,341340000,6.029660865
Italy,2012,5710,USD,47.274948,"2,072,823,157,060",36497,56795085,10.69999981,342600000,6.032212118
Italy,2013,5634,USD,47.70569,"2,130,491,320,659",37050,57503331,12.19999981,338040000,5.878615971
Japan,1999,6273,USD,34.211846,"4,562,078,822,335",38164,119540000,4.699999809,376380000,3.148569516
Japan,2000,6626,USD,35.206632,"4,887,519,660,745",40813,119752660,4.800000191,397560000,3.319842749
Japan,2001,6936,USD,35.714826,"4,303,544,259,843",35843,120066000,5,416160000,3.466093648
Japan,2002,6875,USD,36.400593,"4,115,116,279,070",34239,120189000,5.400000095,412500000,3.432094451
Japan,2003,6770,USD,36.916903,"4,445,658,071,222",36926,120395000,5.199999809,406200000,3.373894265
Japan,2004,7117,USD,37.768574,"4,815,148,854,362",39960,120500000,4.699999809,427020000,3.54373444
Japan,2005,7128,USD,38.348791,"4,755,410,630,912",39412,120657507,4.400000095,427680000,3.544578457
Japan,2006,7268,USD,38.428556,"4,530,377,224,970",37534,120702000,4.099999905,436080000,3.612864741
Japan,2007,7282,USD,38.73535,"4,515,264,514,431",37408,120704000,3.900000095,436920000,3.619764051
Japan,2008,7065,USD,38.67335,"5,037,908,465,114",41773,120602000,4,423900000,3.514867083
Japan,2009,7130,USD,38.243682,"5,231,382,674,594",43415,120496000,5,427800000,3.550325322
Japan,2010,7192,USD,39.492931,"5,700,098,114,744",47059,121127267,5,431520000,3.562533942
Japan,2011,7015,USD,39.585061,"6,157,459,594,824",50919,120927000,4.5,420900000,3.48061227
Japan,2012,7131,USD,39.955182,"6,203,213,121,334",51379,120735000,4.300000191,427860000,3.54379426
Japan,2013,7435,USD,40.780173,"5,155,717,056,271",42781,120514000,4,446100000,3.701644622
Latvia,1999,166,USD,12.796863,"7,533,187,605",3228,2333400,13.80000019,9960000,4.268449473
Latvia,2000,162,USD,13.960177,"7,937,758,980",3494,2272107,14.19999981,9720000,4.277967543
Latvia,2001,150,USD,14.541014,"8,350,252,966",3724,2242227,13.10000038,9000000,4.013866571
Latvia,2002,145,USD,15.741431,"9,546,441,564",4311,2214484,13.19999981,8700000,3.928680451
Latvia,2003,159,USD,17.051607,"11,748,433,157",5364,2190211,10.60000038,9540000,4.35574472
Latvia,2004,155,USD,18.912,"14,373,269,156",6644,2163477,9.899999619,9300000,4.298635946
Latvia,2005,144,USD,20.455453,"16,922,504,045",7916,2137831,8.899999619,8640000,4.041479425
Latvia,2006,181,USD,21.626506,"21,447,021,570",10139,2115215,6.800000191,10860000,5.134229854
Latvia,2007,131,USD,23.259339,"30,901,399,261",14758,2093878,6,7860000,3.753800365
Latvia,2008,115,USD,21.223889,"35,596,016,664",17217,2067529,7.400000095,6900000,3.337317155
Latvia,2009,88,USD,21.75334,"26,169,854,045",12890,2030316,17.10000038,5280000,2.600580402
Latvia,2010,99,USD,22.585384,"23,757,368,290",11951,1987906,18.70000076,5940000,2.988068852
Latvia,2011,101,USD,23.466633,"28,223,552,825",14447,1953611,16.20000076,6060000,3.101948136
Latvia,2012,101,USD,24.28377,"28,119,996,053",14558,1931521,14.89999962,6060000,3.137423823
Latvia,2013,95,USD,24.396464,"30,254,677,297",15820,1912464,11.89999962,5700000,2.980448259
Lithuania,1999,158,USD,15.544869,"10,972,878,636",3292,3333452,13.39999962,9480000,2.843898757
Lithuania,2000,173,USD,15.761407,"11,539,211,480",3481,3315125,15.89999962,10380000,3.131103654
Lithuania,2001,204,USD,17.596407,"12,252,498,921",3719,3294138,16.79999924,12240000,3.715691328
Lithuania,2002,208,USD,18.422443,"14,278,357,284",4360,3274488,13,12480000,3.811282863
Lithuania,2003,173,USD,20.102338,"18,802,576,988",5778,3254127,12.89999962,10380000,3.189795604
Lithuania,2004,197,USD,20.587866,"22,649,930,576",7028,3222969,11.30000019,11820000,3.667425904
Lithuania,2005,193,USD,22.008114,"26,125,575,942",8229,3174728,8.300000191,11580000,3.647556578
Lithuania,2006,213,USD,23.772816,"30,216,060,233",9667,3125767,5.599999905,12780000,4.088596495
Lithuania,2007,230,USD,25.479077,"39,738,180,077",12869,3087867,4.300000191,13800000,4.469104401
Lithuania,2008,204,USD,26.0894,"47,850,551,149",15669,3053756,5.800000191,12240000,4.00817878
Lithuania,2009,210,USD,24.987034,"37,440,673,478",12412,3016497,13.69999981,12600000,4.177030509
Lithuania,2010,223,USD,26.513631,"37,120,517,694",12584,2949737,17.79999924,13380000,4.535997616
Lithuania,2011,180,USD,28.365359,"43,476,873,413",15097,2879805,15.30000019,10800000,3.750253923
Lithuania,2012,193,USD,28.962652,"42,848,195,256",15099,2837770,13.19999981,11580000,4.080668976
Lithuania,2013,197,USD,29.839522,"46,417,340,375",16538,2806627,11.80000019,11820000,4.211460946
Luxembourg,1999,61,USD,77.058757,"22,235,929,043",55054,403890,2.400000095,3660000,9.061873282
Luxembourg,2000,144,USD,78.693266,"21,263,514,833",51841,410164,2.299999952,8640000,21.06474483
Luxembourg,2001,133,USD,77.120704,"21,272,418,792",51391,413930,1.799999952,7980000,19.27862199
Luxembourg,2002,172,USD,78.064575,"23,616,328,816",56484,418106,2.599999905,10320000,24.68273596
Luxembourg,2003,190,USD,77.985114,"29,557,325,056",69768,423654,3.700000048,11400000,26.90875101
Luxembourg,2004,221,USD,78.995287,"34,685,281,848",80639,430128,5.099999905,13260000,30.82803259
Luxembourg,2005,227,USD,80.737508,"37,347,394,603",85397,437338,4.5,13620000,31.14296036
Luxembourg,2006,233,USD,81.656398,"42,414,308,117",95351,444821,4.699999809,13980000,31.42837231
Luxembourg,2007,251,USD,83.987593,"50,888,134,410",112581,452012,4.099999905,15060000,33.31769953
Luxembourg,2008,239,USD,79.104141,"55,849,686,539",121315,460371,5.099999905,14340000,31.14879087
Luxembourg,2009,222,USD,77.365429,"51,370,543,206",109483,469209,5.099999905,13320000,28.38820227
Luxembourg,2010,232,USD,79.674663,"53,212,476,812",111328,477979,4.400000095,13920000,29.12261836
Luxembourg,2011,215,USD,79.433066,"60,004,630,234",122729,488918,4.900000095,12900000,26.38479254
Luxembourg,2012,212,USD,77.636134,"56,677,961,787",113120,501044,5.099999905,12720000,25.38699196
Luxembourg,2013,241,USD,79.313101,"61,739,352,212",120423,512689,5.900000095,14460000,28.20423298
Netherlands,1999,1471,USD,53.052591,"441,975,282,335",29799,14832000,3.599999905,88260000,5.950647249
Netherlands,2000,1860,USD,54.789968,"412,807,259,996",27644,14933235,2.700000048,111600000,7.473263496
Netherlands,2001,1677,USD,55.233793,"426,573,601,790",28366,15038337,2.099999905,100620000,6.690899399
Netherlands,2002,1574,USD,55.573852,"465,368,906,456",30757,15130318,2.599999905,94440000,6.241772314
Netherlands,2003,1743,USD,56.379768,"571,863,431,151",37614,15203397,3.599999905,104580000,6.878725853
Netherlands,2004,1978,USD,57.377865,"650,532,654,582",42614,15265861,4.599999905,118680000,7.774209394
Netherlands,2005,1927,USD,58.811037,"678,533,764,457",44289,15320595,4.699999809,115620000,7.546704289
Netherlands,2006,2129,USD,59.719016,"726,649,102,998",47281,15368697,3.900000095,127740000,8.311700075
Netherlands,2007,2292,USD,60.209393,"839,419,655,078",54418,15425404,3.200000048,137520000,8.915163583
Netherlands,2008,1324,USD,60.275746,"936,228,211,513",60375,15506963,2.799999952,79440000,5.122859969
Netherlands,2009,898,USD,58.854523,"857,932,759,100",54988,15602176,3.400000095,53880000,3.453364454
Netherlands,2010,1347,USD,60.105443,"836,389,937,229",53302,15691409,4.5,80820000,5.15058909
Netherlands,2011,909,USD,60.557597,"893,757,287,202",56667,15772162,4.400000095,54540000,3.457991365
Netherlands,2012,1382,USD,60.451157,"828,946,812,397",52334,15839503,5.300000191,82920000,5.23501274
Netherlands,2013,1625,USD,60.873835,"866,680,000,367",54510,15899508,6.699999809,97500000,6.132265225
Norway,1999,785,USD,69.111485,"162,286,003,693",39013,4159745,3.200000048,47100000,11.32280945
Norway,2000,657,USD,71.791099,"171,315,639,983",41099,4168315,3.400000095,39420000,9.457058788
Norway,2001,710,USD,74.344268,"174,003,247,439",41281,4215103,3.400000095,42600000,10.1065146
Norway,2002,692,USD,75.891574,"195,418,347,153",46049,4243689,3.900000095,41520000,9.783940341
Norway,2003,683,USD,78.17199,"228,752,436,372",53533,4273124,4.400000095,40980000,9.590173372
Norway,2004,709,USD,79.645933,"264,357,494,659",61450,4301960,4.400000095,42540000,9.888515932
Norway,2005,743,USD,80.471824,"308,722,079,938",71215,4335092,4.599999905,44580000,10.28351878
Norway,2006,721,USD,79.833873,"345,424,664,369",79007,4372103,3.400000095,43260000,9.89455189
Norway,2007,771,USD,78.440766,"401,082,621,083",90797,4417369,2.5,46260000,10.47229697
Norway,2008,715,USD,76.117334,"462,554,432,624",103431,4472089,2.599999905,42900000,9.592832343
Norway,2009,715,USD,76.330445,"386,622,457,580",85394,4527536,3.200000048,42900000,9.475352598
Norway,2010,746,USD,76.754419,"429,130,952,709",93638,4582885,3.599999905,44760000,9.76677355
Norway,2011,785,USD,76.161011,"498,831,558,926",107430,4643300,3.299999952,47100000,10.14364784
Norway,2012,723,USD,76.744244,"510,229,136,227",108408,4706585,3.200000048,43380000,9.216873806
Norway,2013,763,USD,77.283705,"523,502,127,660",109804,4767605,3.5,45780000,9.60230556
Poland,1999,1985,USD,17.00479,"169,717,677,901",4640,36575200,12.5,119100000,3.256304819
Poland,2000,2046,USD,18.050699,"171,885,598,583",4744,36233344,16.10000038,122760000,3.388039481
Poland,2001,2222,USD,18.672367,"190,521,263,343",5249,36295390,18.20000076,133320000,3.673193758
Poland,2002,2201,USD,19.695981,"198,680,637,255",5466,36347498,19.89999962,132060000,3.63326246
Poland,2003,2242,USD,20.581374,"217,513,049,292",5983,36353775,19.60000038,134520000,3.700303476
Poland,2004,2281,USD,21.392172,"255,102,252,843",7014,36371596,19,136860000,3.762826355
Poland,2005,2267,USD,21.729415,"306,125,173,853",8417,36371365,17.70000076,136020000,3.739755162
Poland,2006,1993,USD,22.344848,"344,748,646,558",9485,36348232,13.80000019,119580000,3.289843644
Poland,2007,1554,USD,22.920526,"429,063,549,984",11816,36310843,9.600000381,93240000,2.567828018
Poland,2008,1681,USD,23.108855,"533,815,789,474",14721,36262711,7.099999905,100860000,2.781369545
Poland,2009,2001,USD,23.853842,"439,796,160,379",12141,36223402,8.199999809,120060000,3.314431924
Poland,2010,2156,USD,25.452549,"479,321,460,551",13304,36027791,9.600000381,129360000,3.59056152
Poland,2011,2034,USD,26.646768,"528,832,185,770",14686,36008237,9.600000381,122040000,3.389224527
Poland,2012,1936,USD,27.11342,"500,360,816,828",13894,36013446,10.10000038,116160000,3.225461957
Poland,2013,1669,USD,27.55983,"524,234,322,597",14552,36023694,10.39999962,100140000,2.779837071
Portugal,1999,737,USD,27.495493,1.27466E+11,13180,9671357,4.400000095,44220000,4.572264264
Portugal,2000,646,USD,27.780473,1.18358E+11,12152,9740085,3.900000095,38760000,3.979431391
Portugal,2001,745,USD,28.072813,1.21546E+11,12391,9809536,4,44700000,4.556790454
Portugal,2002,720,USD,28.281744,1.34229E+11,13614,9859832,5,43200000,4.381413395
Portugal,2003,657,USD,28.395082,1.64964E+11,16671,9895009,6.300000191,39420000,3.983826594
Portugal,2004,763,USD,29.020098,2.25147E+11,21476,10483900,6.699999809,45780000,4.3666956
Portugal,2005,744,USD,29.345642,2.38842E+11,22740,10503300,7.599999905,44640000,4.250092828
Portugal,2006,768,USD,29.87134,2.59431E+11,24655,10522300,7.699999809,46080000,4.379270692
Portugal,2007,769,USD,30.337465,2.40169E+11,24003,10005713,8,46140000,4.611365527
Portugal,2008,747,USD,30.497077,2.62008E+11,26121,10030640,7.599999905,44820000,4.468309101
Portugal,2009,731,USD,30.414472,2.43746E+11,24254,10049918,9.5,43860000,4.364214713
Portugal,2010,812,USD,31.395306,2.38303E+11,23673,10066628,10.80000019,48720000,4.839753689
Portugal,2011,859,USD,31.822438,2.44895E+11,24337,10062815,12.69999981,51540000,5.121827242
Portugal,2012,828,USD,32.144232,2.16368E+11,21573,10029396,15.60000038,49680000,4.953438871
Portugal,2013,840,USD,32.540998,2.26073E+11,22641,9985074,16.5,50400000,5.047533949
Romania,1999,507,USD,11.05634,"36,183,003,978",1698,21310800,6.199999809,30420000,1.427445239
Romania,2000,551,USD,11.391143,"37,438,527,800",1758,21290400,7,33060000,1.552812535
Romania,2001,633,USD,12.160539,"40,716,836,998",1914,21272887,6.599999905,37980000,1.78537121
Romania,2002,738,USD,14.126348,"46,174,557,556",2231,20700580,8.100000381,44280000,2.139070499
Romania,2003,755,USD,15.158228,"59,867,801,205",2898,20656841,7,45300000,2.192978103
Romania,2004,818,USD,16.622214,"76,216,441,462",3698,20610767,7.699999809,49080000,2.381279649
Romania,2005,857,USD,17.517301,"99,697,566,668",4847,20569960,7.199999809,51420000,2.499761789
Romania,2006,835,USD,18.634926,"123,533,036,668",6018,20526561,7.300000191,50100000,2.440740073
Romania,2007,824,USD,19.747826,"175,933,642,292",8593,20475026,6.400000095,49440000,2.414648948
Romania,2008,807,USD,21.373296,"213,605,065,703",10454,20433803,5.800000191,48420000,2.369602956
Romania,2009,775,USD,20.631228,"172,611,845,342",8465,20390882,6.900000095,46500000,2.280431028
Romania,2010,796,USD,20.183338,"166,658,327,827",8190,20348649,7.300000191,47760000,2.347084566
Romania,2011,802,USD,20.392824,"184,367,381,749",9086,20291701,7.400000095,48120000,2.371412825
Romania,2012,849,USD,22.861377,"171,664,638,717",9015,19041594,7,50940000,2.675196205
Romania,2013,891,USD,23.941666,"191,549,024,911",10080,19003345,7.300000191,53460000,2.813188941
Russian Federation,1999,1352,USD,14.466569,"195,905,767,669",1412,138717800,13,81120000,0.584784361
Russian Federation,2000,1863,USD,15.259957,"259,708,496,267",1879,138205695,10.60000038,111780000,0.808794457
Russian Federation,2001,3032,USD,16.040055,"306,602,673,980",2229,137521509,9,181920000,1.322847614
Russian Federation,2002,3451,USD,16.397321,"345,110,438,692",2527,136590900,7.900000095,207060000,1.515913578
Russian Federation,2003,3679,USD,17.556195,"430,347,770,732",3141,137019868,8.199999809,220740000,1.611007245
Russian Federation,2004,3077,USD,18.58038,"591,016,690,743",4312,137071699,7.800000191,184620000,1.346886347
Russian Federation,2005,3185,USD,19.545072,"764,017,107,992",5611,136162191,7.099999905,191100000,1.403473303
Russian Federation,2006,3221,USD,20.833779,"989,930,542,279",7313,135357462,7.099999905,193260000,1.427774998
Russian Federation,2007,3977,USD,22.051235,"1,299,705,247,686",9643,134778964,6,238620000,1.770454327
Russian Federation,2008,3633,USD,23.102537,"1,660,844,408,500",12359,134385949,6.199999809,217980000,1.622044578
Russian Federation,2009,3113,USD,22.059889,"1,222,643,696,992",9118,134085433,8.300000191,186780000,1.392992481
Russian Federation,2010,3700,USD,22.865604,"1,524,916,112,079",11307,134865987,7.300000191,222000000,1.646078488
Russian Federation,2011,3754,USD,23.450697,"2,051,661,732,060",15226,134745874,6.5,225240000,1.671591072
Russian Federation,2012,3696,USD,24.037568,"2,210,256,976,945",16413,134668522,5.5,221760000,1.646709986
Russian Federation,2013,3648,USD,24.544252,"2,297,128,039,058",17052,134713962,5.5,218880000,1.624775909
Slovenia,1999,171,USD,26.975483,"22,689,994,990",12041,1884400,7.300000191,10260000,5.444703885
Slovenia,2000,173,USD,27.982658,"20,342,201,356",10783,1886483,6.900000095,10380000,5.502302433
Slovenia,2001,183,USD,28.884418,"20,875,387,068",10979,1901330,5.699999809,10980000,5.774904935
Slovenia,2002,188,USD,29.103985,"23,563,576,758",12362,1906124,6.300000191,11280000,5.917768204
Slovenia,2003,167,USD,29.965475,"29,697,448,108",15568,1907589,6.699999809,10020000,5.252703806
Slovenia,2004,185,USD,30.949616,"34,470,227,454",18067,1907862,6.300000191,11100000,5.818030864
Slovenia,2005,181,USD,33.107002,"36,346,974,008",19012,1911817,6.5,10860000,5.680460002
Slovenia,2006,176,USD,35.038845,"39,587,732,029",20634,1918570,6,10560000,5.504099407
Slovenia,2007,195,USD,36.52945,"48,114,688,201",24964,1927332,4.800000191,11700000,6.070568018
Slovenia,2008,194,USD,36.380367,"55,589,849,128",28599,1943758,4.400000095,11640000,5.988399791
Slovenia,2009,198,USD,34.051405,"50,244,793,832",25872,1942037,5.900000095,11880000,6.117288188
Slovenia,2010,205,USD,35.189043,"48,013,606,745",24689,1944774,7.199999809,12300000,6.324642349
Slovenia,2011,208,USD,36.387232,"51,290,792,018",26377,1944561,8.199999809,12480000,6.417901007
Slovenia,2012,185,USD,36.15132,"46,352,802,766",23820,1945988,8.800000191,11100000,5.704043396
Slovenia,2013,184,USD,35.761213,"48,116,256,926",24697,1948276,10.19999981,11040000,5.666548271
Spain,1999,3324,USD,40.647571,"633,194,118,900",16756,37789271,15.89999962,199440000,5.277688474
Spain,2000,2991,USD,40.848285,"595,402,616,547",15538,38319996,14.19999981,179460000,4.683194643
Spain,2001,2795,USD,40.88391,"625,975,838,926",16169,38713504,10.69999981,167700000,4.331821785
Spain,2002,2833,USD,40.954988,"705,145,868,624",17924,39340611,11.60000038,169980000,4.32072598
Spain,2003,2740,USD,41.100276,"906,853,273,138",22701,39947556,11.5,164400000,4.115395695
Spain,2004,2705,USD,41.201972,"1,069,555,500,372",26372,40555823,11.19999981,162300000,4.001891418
Spain,2005,3007,USD,41.355523,"1,157,276,458,152",28092,41195479,9.300000191,180420000,4.379606801
Spain,2006,3017,USD,41.596473,"1,264,551,499,185",30246,41808848,8.600000381,181020000,4.329705521
Spain,2007,3198,USD,42.092498,"1,479,341,637,011",34769,42547327,8.399999619,191880000,4.509801521
Spain,2008,3485,USD,42.259847,"1,635,015,380,108",37848,43199484,11.5,209100000,4.840335593
Spain,2009,3352,USD,43.296057,"1,499,099,749,931",34470,43490086,18.10000038,201120000,4.624502237
Spain,2010,3232,USD,44.306944,"1,431,616,749,640",32839,43595356,20.20000076,193920000,4.448180214
Spain,2011,3149,USD,44.939524,"1,488,067,258,325",34097,43642571,21.70000076,188940000,4.329259154
Spain,2012,3435,USD,45.837315,"1,336,018,949,806",30146,44318859,25.20000076,206100000,4.65039048
Spain,2013,3234,USD,46.477346,"1,361,854,206,549",30792,44227625,26.29999924,194040000,4.387303184
Sweden,1999,1279,USD,43.35756,"270,847,937,645",32328,8378013,7.300000191,76740000,9.159689774
Sweden,2000,1173,USD,44.942082,"259,802,012,617",30896,8409008,5.900000095,70380000,8.369596033
Sweden,2001,1251,USD,45.368029,"239,917,320,967",28429,8439317,5.099999905,75060000,8.894084675
Sweden,2002,1224,USD,46.964612,"263,926,220,333",31175,8465828,5.300000191,73440000,8.674875039
Sweden,2003,1178,USD,48.758254,"331,108,912,605",38997,8490539,5.900000095,70680000,8.324559842
Sweden,2004,1234,USD,50.456138,"381,705,425,302",44831,8514314,6.599999905,74040000,8.695944265
Sweden,2005,1170,USD,51.754542,"389,042,298,377",45563,8538624,7.800000191,70200000,8.221465192
Sweden,2006,1315,USD,53.48155,"420,032,121,656",48977,8576044,7.099999905,78900000,9.200046082
Sweden,2007,1244,USD,53.642559,"487,816,328,342",56531,8629159,6.199999809,74640000,8.649742113
Sweden,2008,1272,USD,52.691442,"513,965,650,650",59155,8688504,6.300000191,76320000,8.784020816
Sweden,2009,1133,USD,51.437116,"429,657,033,108",49070,8755922,8.399999619,67980000,7.763888258
Sweden,2010,1221,USD,53.145142,"488,377,689,565",55352,8823125,8.699999809,73260000,8.303180562
Sweden,2011,1125,USD,53.511278,"563,109,663,291",63380,8884644,7.800000191,67500000,7.597378128
Sweden,2012,1159,USD,53.424634,"543,880,647,757",60776,8948909,8.100000381,69540000,7.770779656
Sweden,2013,1175,USD,53.893783,"578,742,001,488",64133,9024081,8.100000381,70500000,7.812429875
Switzerland,1999,863,USD,49.656612,"289,912,492,345",42859,6764328,3.099999905,51780000,7.65486239
Switzerland,2000,827,USD,51.251176,"272,055,499,941",39952,6809589,2.700000048,49620000,7.286783387
Switzerland,2001,816,USD,52.292185,"278,631,271,391",40582,6865842,2.5,48960000,7.130953494
Switzerland,2002,821,USD,52.685601,"301,416,810,214",43419,6942010,2.900000095,49260000,7.095927548
Switzerland,2003,852,USD,52.473069,"352,914,820,747",50639,6969293,4.099999905,51120000,7.335033841
Switzerland,2004,722,USD,52.816202,"394,163,688,621",56123,7023166,4.300000191,43320000,6.168158349
Switzerland,2005,1099,USD,54.225456,"408,689,353,999",57790,7071991,4.400000095,65940000,9.324106889
Switzerland,2006,932,USD,55.53904,"430,921,192,375",60536,7118477,4,55920000,7.855612935
Switzerland,2007,989,USD,56.717615,"479,913,034,322",66807,7183595,3.599999905,59340000,8.260487959
Switzerland,2008,1149,USD,56.906122,"554,363,487,120",76202,7274875,3.400000095,68940000,9.476451485
Switzerland,2009,966,USD,55.673233,"541,506,500,414",73529,7364558,4.099999905,57960000,7.870126082
Switzerland,2010,1012,USD,57.122448,"583,782,977,866",78474,7439147,4.5,60720000,8.162226126
Switzerland,2011,1035,USD,56.821677,"699,579,638,638",93053,7518040,4,62100000,8.26013163
Switzerland,2012,1047,USD,56.972905,"668,043,614,123",87951,7595591,4.199999809,62820000,8.270587503
Switzerland,2013,1123,USD,58.040691,"688,504,173,431",89634,7681318,4.400000095,67380000,8.771932109
United Kingdom,1999,2276,USD,40.059198,1.66562E+12,29832,55833457,6,136560000,2.445845329
United Kingdom,2000,2342,USD,41.281366,1.64795E+12,29358,56132955,5.599999905,140520000,2.503342288
United Kingdom,2001,2215,USD,42.113949,1.62151E+12,29179,55571130,4.800000191,132900000,2.391529559
United Kingdom,2002,2261,USD,43.25086,1.76841E+12,31630,55909209,5.199999809,135660000,2.426433899
United Kingdom,2003,2236,USD,44.571302,2.0384E+12,36289,56171157,4.900000095,134160000,2.388414396
United Kingdom,2004,2458,USD,45.522162,2.39856E+12,42486,56455196,4.699999809,147480000,2.612337047
United Kingdom,2005,2680,USD,45.946478,2.5207E+12,44372,56808389,4.800000191,160800000,2.830567859
United Kingdom,2006,3059,USD,46.810136,2.69261E+12,47163,57091633,5.5,183540000,3.214831848
United Kingdom,2007,2824,USD,47.551992,3.07436E+12,53576,57383152,5.400000095,169440000,2.952783075
United Kingdom,2008,3067,USD,47.607489,2.89056E+12,50111,57683230,5.400000095,184020000,3.190181964
United Kingdom,2009,3220,USD,46.484958,2.38283E+12,41074,58013001,7.800000191,193200000,3.330287981
United Kingdom,2010,3134,USD,47.489572,2.44117E+12,41798,58404072,7.900000095,188040000,3.219638521
United Kingdom,2011,2925,USD,47.639726,2.6197E+12,44491,58881581,7.800000191,175500000,2.980558555
United Kingdom,2012,2926,USD,47.389039,2.66209E+12,44585,59708089,8,175560000,2.940305123
United Kingdom,2013,2828,USD,47.508299,2.73982E+12,45594,60091650,7.5,169680000,2.823686818
United States of America,1999,19359,USD,48.644678,9.66062E+12,38072,253746165,4.300000191,1161540000,4.577566719
United States of America,2000,18746,USD,50.004825,1.02848E+13,39218,262246392,4.099999905,1124760000,4.288943659
United States of America,2001,19554,USD,51.124102,1.06218E+13,40018,265426158,4.800000191,1173240000,4.420212419
United States of America,2002,19125,USD,52.565227,1.09775E+13,40845,268760289,5.900000095,1147500000,4.269603982
United States of America,2003,20193,USD,54.182554,1.15107E+13,42468,271043374,6.099999905,1211580000,4.470059467
United States of America,2004,20973,USD,55.592144,1.22749E+13,44867,273584773,5.599999905,1258380000,4.599598092
United States of America,2005,20998,USD,56.777213,1.30937E+13,47423,276104970,5.199999809,1259880000,4.563047163
United States of America,2006,20667,USD,57.338788,1.38559E+13,49666,278981355,4.699999809,1240020000,4.444813167
United States of America,2007,21033,USD,57.959629,1.44776E+13,51585,280655908,4.699999809,1261980000,4.496538159
United States of America,2008,21652,USD,58.494041,1.47186E+13,52128,282354627,5.900000095,1299120000,4.601022529
United States of America,2009,21436,USD,60.334745,1.44187E+13,50563,285163835,9.399999619,1286160000,4.510249345
United States of America,2010,21783,USD,62.039842,1.49644E+13,51989,287837273,9.699999809,1306980000,4.540690601
United States of America,2011,22044,USD,62.138754,1.55179E+13,53452,290315161,9,1322640000,4.555876433
United States of America,2012,22232,USD,62.302291,1.61553E+13,55170,292826808,8.199999809,1333920000,4.555320632
United States of America,2013,23417,USD,62.541598,1.66915E+13,56520,295320541,7.400000095,1405020000,4.757610139
